Emp_ID,Name_Prefix,First_Name,MI,Last_Name,Gender,E_Mail,Father's_Name,Mother's_Name,Mother's_Maiden_Name,Date_of_Birth,Age,Weight_in_Kgs.,Date_of_Joining,Salary,Last_%_Hike,SSN,Phone_No._,Place_Name,County,City,State,Zip,Region,User_Name
969964,Hon.,Janice,S,Parker,F,janice.parker@yahoo.com,Paul_Parker,Alice_Parker,Perez,1/12/1980,37.57,56,8/23/2016,147641,25%,733-26-1976,314-842-5984,Whiteman_Air_Force_Base,Johnson,Whiteman_Air_Force_Base,MO,65305,Midwest,jsparker
890290,Hon.,Julia,S,Scott,F,julia.scott@apple.com,Lawrence_Scott,Amy_Scott,King,7/15/1959,58.08,56,2/23/2005,141518,3%,251-99-1941,423-939-1010,Nashville,Davidson,Nashville,TN,37219,South,jsscott
278556,Prof.,Richard,Y,Mitchell,M,richard.mitchell@verizon.net,Peter_Mitchell,Andrea_Mitchell,Flores,7/28/1993,24.02,81,8/18/2016,122226,14%,013-94-5886,205-621-5884,Ohatchee,Calhoun,Ohatchee,AL,36271,South,rymitchell
639892,Mr.,Jose,K,Hill,M,jose.hill@hotmail.com,Carlos_Hill,Anna_Hill,Hayes,10/8/1994,22.82,89,7/9/2016,129774,15%,171-86-3825,228-245-5000,Biloxi,Harrison,Biloxi,MS,39532,South,jkhill
528673,Hon.,Paul,V,Watson,M,paul.watson@hotmail.com,Carl_Watson,Anna_Watson,Bennett,3/9/1959,58.43,60,6/26/1995,145235,15%,286-15-9671,270-556-7711,Blue_River,Floyd,Blue_River,KY,41607,South,pvwatson
528674,Mr.,Fred,R,Watson,M,fred.watson@hotmail.com,Carl_Watson,Anna_Watson,Bennett,3/9/1959,58.43,60,6/26/1995,149235,15%,286-15-9673,270-556-7711,Blue_River,Floyd,Blue_River,KY,41607,South,frwatson
940922,Hon.,Melissa,X,Butler,F,melissa.butler@hotmail.com,Robert_Butler,Anne_Butler,Jackson,11/14/1994,22.72,55,2/5/2017,167631,30%,301-15-9149,308-827-9016,Maxwell,Lincoln,Maxwell,NE,69151,Midwest,mxbutler
940922,Hon.,Melissa,X,Butler,F,melissa.butler@hotmail.com,Robert_Butler,Anne_Butler,Jackson,11/14/1994,22.72,55,2/5/2017,167631,30%,301-15-9149,308-827-9016,Maxwell,Lincoln,Maxwell,NE,,Midwest,mxbutler
917937,,,,,,,,,,,,,,,,,,,,,,,,
400173,Ms.,Dorothy,K,Edwards,F,dorothy.edwards@hotmail.co.uk,Dennis_Edwards,Betty_Edwards,Howard,1/19/1984,33.55,57,12/31/2013,179017,1%,543-81-2192,215-902-6888,Philadelphia,Philadelphia,Philadelphia,PA,19132,Northeast,dkedwards
758872,Mr.,Henry,Y,Jenkins,M,henry.jenkins@hotmail.com,Albert_Jenkins,Beverly_Jenkins,Murphy,11/6/1984,32.75,70,6/21/2017,102384,11%,499-29-3125,314-731-7135,Riverside,Platte,Riverside,MO,64150,Midwest,hyjenkins
758872,Mr.,Ernest,D,Martinez,M,ernest.martinez@gmail.com,Ryan_Martinez,Beverly_Martinez,Hill,11/9/1989,27.73,53,1/24/2016,172098,8%,672-48-7749,479-951-4138,Eureka_Springs,Carroll,Eureka_Springs,AR,72632,South,edmartinez
702813,Dr.,Tammy,B,Young,F,tammy.young@comcast.net,Andrew_Young,Brenda_Young,Robinson,3/22/1979,38.38,55,4/25/2015,93650,7%,771-02-7046,231-290-3075,Alma,Gratiot,Alma,MI,48801,Midwest,tbyoung
495141,Ms.,Rebecca,A,Stewart,F,rebecca.stewart@gmail.com,Roger_Stewart,Carol_Stewart,Cox,8/11/1961,56,55,4/10/1983,160043,9%,202-84-8294,209-233-7631,Independence,Inyo,Independence,CA,93526,West,rastewart
158666,Ms.,Martha,G,Washington,F,martha.washington@aol.com,Todd_Washington,Carolyn_Washington,Reed,3/28/1991,26.35,54,3/3/2017,116629,25%,416-67-0297,405-945-0242,Nardin,Kay,Nardin,OK,74646,South,mgwashington
870820,Ms.,Elizabeth,Q,Jackson,F,elizabeth.jackson@aol.com,Scott_Jackson,Catherine_Jackson,Jackson,8/15/1964,52.99,56,1/19/2005,85420,24%,660-24-4434,603-568-6118,Rochester,Strafford,Rochester,NH,3867,Northeast,eqjackson
456747,Hon.,Melissa,X,Butler,,,,,,,,,,,,,,,,,,,,
940922,Mr.,Todd,H,Hall,,,,,,,,,,,,,,,,,,,,
407061,Hon.,Diana,T,Peterson,F,diana.peterson@hotmail.co.uk,Jonathan_Peterson,Christina_Peterson,Ross,11/13/1987,29.73,60,2/17/2014,43010,4%,512-33-6767,479-783-5656,Eureka_Springs,Carroll,Eureka_Springs,AR,72632,South,dtpeterson
162402,Ms.,Cheryl,O,Miller,F,cheryl.miller@ntlworld.com,Gerald_Miller,Christine_Miller,Mitchell,4/20/1985,32.29,48,7/30/2007,64143,3%,287-15-4772,270-880-3858,Bays,Breathitt,Bays,KY,41310,South,comiller
262382,Hon.,Amanda,M,Hughes,F,amanda.hughes@rediffmail.com,Roy_Hughes,Cynthia_Hughes,Bryant,7/29/1982,35.02,40,4/19/2007,114257,22%,311-35-2540,225-544-9700,Baton_Rouge,East_Baton_Rouge,Baton_Rouge,LA,70833,South,amhughes
227922,Hon.,Christopher,D,Nelson,M,christopher.nelson@aol.com,Jeffrey_Nelson,Cynthia_Nelson,Sanders,3/29/1960,57.37,62,11/8/1997,190765,0%,120-98-6155,480-946-9780,Willow_Beach,Mohave,Willow_Beach,AZ,86445,West,cdnelson
917395,Hon.,Christopher,D,Nelson,M,christopher.nelson@aol.com,Jeffrey_Nelson,Cynthia_Nelson,Sanders,3/29/1960,57.37,62,11/8/1997,190765,0%,120-98-6155,480-946-9780,Willow_Beach,Mohave,Willow_Beach,AZ,86445,West,cdnelson
917395,Hon.,Christopher,D,Nelson,M,christopher.nelson@aol.com,Jeffrey_Nelson,Cynthia_Nelson,Sanders,3/29/1960,57.37,62,11/8/1997,190765,0%,120-98-6155,480-946-9780,Willow_Beach,Mohave,Willow_Beach,AZ,86445,West,cdnelson
917395,Mr.,William,G,Hernandez,M,william.hernandez@rediffmail.com,Peter_Hernandez,Deborah_Hernandez,Jones,7/22/1967,50.05,50,3/21/2000,73734,22%,629-31-9010,239-276-0532,Saint_Cloud,Miami-Dade,Miami,FL,34771,South,wghernandez
806955,Ms.,Margaret,N,Brooks,F,margaret.brooks@gmail.com,Johnny_Brooks,Debra_Brooks,Robinson,6/27/1992,25.1,56,8/26/2016,43867,9%,057-02-6958,303-960-0117,Haswell,Kiowa,Haswell,CO,81045,West,mnbrooks
951225,Ms.,Margaret,N,Brooks,F,margaret.brooks@gmail.com,Johnny_Brooks,Debra_Brooks,Robinson,6/27/1992,25.1,56,8/26/2016,43867,9%,057-02-6958,303-960-0117,Haswell,Kiowa,Haswell,CO,81045,West,mnbrooks
951225,Mrs.,Pamela,X,Wright,F,pamela.wright@aol.com,Terry_Wright,Debra_Wright,Williams,4/14/1996,21.3,47,6/9/2017,149262,9%,459-99-9201,307-329-8832,Banner,Sheridan,Banner,WY,82832,West,pxwright
879753,Mrs.,Linda,R,Moore,F,linda.moore@gmail.com,Howard_Moore,Diana_Moore,Smith,8/18/1991,25.96,40,5/15/2017,113256,18%,286-15-5442,215-793-7095,Albion,Erie,Albion,PA,16401,Northeast,lrmoore
765850,Mr.,Aaron,N,Price,M,aaron.price@bp.com,Michael_Price,,Torres,2/10/1969,48.49,56,7/3/1997,54402,0%,491-29-5152,219-287-8926,Eckerty,Crawford,Eckerty,IN,47116,Midwest,anprice
218791,Mr.,Antonio,R,Roberts,M,antonio.roberts@hotmail.com,Timothy_Roberts,Diana_Roberts,Rodriguez,8/27/1995,21.93,82,5/1/2017,181646,30%,281-15-7944,205-267-7304,Mc_Calla,Jefferson,Mc_Calla,AL,35111,South,arroberts
750173,Mr.,Antonio,R,Roberts,M,antonio.roberts@hotmail.com,Timothy_Roberts,Diana_Roberts,Rodriguez,8/27/1995,21.93,82,5/1/2017,181646,30%,,205-267-7304,Mc_Calla,Jefferson,Mc_Calla,AL,35111,South,arroberts
750173,Ms.,Deborah,E,Smith,F,deborah.smith@yahoo.com,Richard_Smith,Diana_Smith,Bennett,10/31/1977,39.77,54,3/4/2002,52767,28%,173-86-6203,907-279-8694,Atqasuk,North_Slope,Atqasuk,AK,99791,West,desmith
867084,Ms.,Frances,P,Watson,F,frances.watson@outlook.com,Adam_Watson,Diana_Watson,Jones,1/30/1961,56.53,42,8/20/2010,46945,22%,305-37-1946,406-530-8069,Trego,Lincoln,Trego,MT,59934,West,fpwatson
687017,Ms.,Frances,P,Watson,F,frances.watson@outlook.com,Adam_Watson,Diana_Watson,Jones,1/30/1961,56.53,42,8/20/2010,46945,22%,305-37-1946,,Trego,Lincoln,Trego,MT,59934,West,fpwatson
687017,Ms.,Anne,A,Perez,F,anne.perez@sbcglobal.net,Douglas_Perez,Doris_Perez,Bailey,5/5/1958,59.27,48,7/28/2003,114426,9%,594-99-9091,423-837-3338,Nashville,Davidson,Nashville,TN,37219,South,aaperez
,,,,,,,,,,,,,,,,,,,,,,,,
515103,Ms.,,A,Perez,F,anne.perez@sbcglobal.net,Douglas_Perez,Doris_Perez,Bailey,5/5/1958,59.27,48,7/28/2003,114426,9%,594-99-9091,423-837-3338,Nashville,Davidson,Nashville,TN,37219,South,aaperez
515103,Mr.,Ryan,V,Alexander,M,ryan.alexander@shell.com,William_Alexander,Elizabeth_Alexander,Gray,8/1/1993,24.01,65,8/31/2014,106628,24%,017-94-7572,225-395-3347,Baton_Rouge,East_Baton_Rouge,Baton_Rouge,LA,70833,South,rvalexander
802554,Mr.,Benjamin,R,Russell,M,benjamin.russell@charter.net,Gregory_Russell,Elizabeth_Russell,Nelson,4/17/1977,40.31,58,7/25/2013,117642,13%,121-98-7248,262-404-2252,Fremont,Waupaca,Fremont,WI,54940,Midwest,brrussell
193819,Ms.,Cynthia,J,Ramirez,F,cynthia.ramirez@btinternet.com,Walter_Ramirez,Evelyn_Ramirez,Smith,9/22/1982,34.87,47,2/18/2009,90531,2%,355-08-4606,406-961-7340,Browning,Glacier,Browning,MT,59417,West,cjramirez
732017,Ms.,Cynthia,J,Ramirez,F,cynthia.ramirez@btinternet.com,Walter_Ramirez,Evelyn_Ramirez,Smith,9/22/1982,34.87,47,2/18/2009,90531,2%,355-08-4606,406-961-7340,Browning,Glacier,Browning,MT,59417,West,cjramirez
732017,Ms.,Cynthia,J,Ramirez,F,cynthia.ramirez@btinternet.com,Walter_Ramirez,Evelyn_Ramirez,Smith,9/22/1982,34.87,47,2/18/2009,90531,2%,355-08-4606,406-961-7340,Browning,Glacier,Browning,MT,59417,West,cjramirez
732017,Dr.,Phillip,F,White,M,phillip.white@gmail.com,Harold_White,Frances_White,Carter,3/4/1978,39.43,82,1/5/2016,181774,7%,447-27-9469,503-668-6592,Mapleton,Lane,Mapleton,OR,97453,West,pfwhite
489424,Mr.,Steven,J,Phillips,M,steven.phillips@hotmail.com,Jason_Phillips,Gloria_Phillips,Lewis,9/12/1986,30.9,58,3/27/2015,90108,24%,578-53-9940,225-968-5952,Baton_Rouge,East_Baton_Rouge,Baton_Rouge,LA,70833,South,sjphillips
293459,Mr.,Steven,J,Phillips,M,steven.phillips@hotmail.com,Jason_Phillips,Gloria_Phillips,Lewis,9/12/1986,30.9,58,3/27/2015,90108,24%,578-53-9940,225-968-5952,Baton_Rouge,East_Baton_Rouge,Baton_Rouge,LA,70833,South,sjphillips
293459,Mr.,Steven,J,Phillips,M,steven.phillips@hotmail.com,Jason_Phillips,Gloria_Phillips,Lewis,9/12/1986,30.9,58,3/27/2015,90108,24%,578-53-9940,225-968-5952,Baton_Rouge,East_Baton_Rouge,Baton_Rouge,LA,70833,South,sjphillips
293459,Mr.,Paul,D,Cooper,M,paul.cooper@gmail.com,Nicholas_Cooper,Helen_Cooper,Hill,8/12/1991,25.98,68,9/8/2014,73526,27%,613-87-0084,210-984-4722,Glidden,Colorado,Glidden,TX,78943,South,pdcooper
225925,Mr.,Gregory,X,Edwards,M,gregory.edwards@outlook.com,Jose_Edwards,Helen_Edwards,Howard,8/31/1993,23.92,64,9/30/2015,169245,22%,010-94-6817,503-256-9654,Bonanza,Klamath,Bonanza,OR,97623,West,gxedwards
621833,Dr.,Lois,H,Walker,F,lois.walker@hotmail.com,Donald_Walker,Helen_Walker,Lewis,3/29/1981,36.36,60,11/24/2003,168251,21%,467-99-4677,303-572-8492,Denver,Denver,Denver,CO,80224,West,lhwalker
677509,Ms.,Donna,R,Brown,F,donna.brown@aol.com,Adam_Brown,Irene_Brown,James,9/14/1983,33.89,57,7/17/2013,129836,8%,544-81-5182,212-434-7910,Oriskany,New_York,New_York_City,NY,10087,Northeast,drbrown
134841,Mrs.,Theresa,R,Murphy,F,theresa.murphy@gmail.com,George_Murphy,Jacqueline_Murphy,Peterson,12/30/1987,29.6,57,8/3/2010,51015,11%,249-99-8801,907-356-1555,Mc_Grath,Yukon-Koyukuk_(CA),Mc_Grath,AK,99627,West,trmurphy
392491,Ms.,Kelly,R,Adams,F,kelly.adams@bp.com,Eric_Adams,Janice_Adams,Brooks,5/23/1975,42.21,53,7/4/2013,51878,15%,474-55-8101,405-418-0037,Meno,Major,Meno,OK,73760,South,kradams
533952,Mr.,Peter,X,Washington,M,peter.washington@bp.com,Douglas_Washington,Jean_Washington,Henderson,11/6/1982,34.75,70,11/29/2009,173226,27%,039-74-8867,231-322-0316,Portage,Kalamazoo,Portage,MI,49024,Midwest,pxwashington
818384,Mr.,Alan,E,Rivera,M,alan.rivera@apple.com,Bobby_Rivera,Jennifer_Rivera,Jackson,12/11/1978,38.65,80,6/7/2006,154810,12%,399-31-7149,423-277-6819,Nashville,Davidson,Nashville,TN,37219,South,aerivera
247137,Hon.,Mary,P,Wilson,F,mary.wilson@sbcglobal.net,Robert_Wilson,Jennifer_Wilson,Patterson,12/1/1967,49.69,54,12/22/1991,109394,16%,198-84-0652,423-937-8660,Nashville,Davidson,Nashville,TN,37219,South,mpwilson
333476,Dr.,Nancy,L,Davis,F,nancy.davis@ibm.com,Bruce_Davis,Jessica_Davis,Moore,11/14/1983,33.73,52,8/25/2012,94986,11%,224-99-5928,219-610-3067,Bowling_Green,Clay,Bowling_Green,IN,47833,Midwest,nldavis
226714,Ms.,Brenda,M,Butler,F,brenda.butler@gmail.com,Phillip_Butler,Joyce_Butler,Thomas,12/6/1963,53.68,41,8/20/1987,60508,29%,282-15-6434,480-814-8284,Mesa,Maricopa,Mesa,AZ,85208,West,bmbutler
335732,Ms.,Nancy,T,Baker,F,nancy.baker@bp.com,Scott_Baker,Judy_Baker,Thomas,6/13/1995,22.14,50,9/14/2016,98189,0%,641-29-2071,229-336-5117,Atlanta,Fulton,Atlanta,GA,30334,South,ntbaker
539712,Ms.,Brenda,S,Robinson,F,brenda.robinson@gmail.com,Raymond_Robinson,Judy_Robinson,Perry,7/31/1970,47.02,60,7/27/2008,51063,27%,537-71-4566,225-945-4954,Baton_Rouge,East_Baton_Rouge,Baton_Rouge,LA,70833,South,bsrobinson
940761,Dr.,Jason,W,Anderson,M,jason.anderson@gmail.com,Brandon_Anderson,Julia_Anderson,Baker,1/3/1974,43.59,57,9/21/1999,76636,19%,048-15-7937,217-856-6752,Hudson,McLean,Hudson,IL,61748,Midwest,jwanderson
915638,Dr.,Jason,W,Anderson,M,jason.anderson@gmail.com,Brandon_Anderson,Julia_Anderson,Baker,1/3/1974,43.59,57,9/21/1999,76636,19%,048-15-7937,217-856-6752,Hudson,McLean,Hudson,IL,61748,Midwest,jwanderson
915638,Dr.,Jason,W,Anderson,M,jason.anderson@gmail.com,Brandon_Anderson,Julia_Anderson,Baker,1/3/1974,43.59,57,9/21/1999,76636,19%,048-15-7937,217-856-6752,Hudson,McLean,Hudson,IL,61748,Midwest,jwanderson
915638,Hon.,Joan,C,Stewart,F,joan.stewart@yahoo.com,Charles_Stewart,Julia_Stewart,Collins,11/20/1972,44.72,56,12/30/2009,111673,12%,429-99-6443,216-637-6800,Middleport,Meigs,Middleport,OH,45760,Midwest,jcstewart
426038,Ms.,Nicole,O,Ward,F,nicole.ward@yahoo.com,Ralph_Ward,Julia_Ward,Lee,12/12/1964,52.66,60,1/23/1989,95673,12%,196-84-2551,231-761-7861,Detroit,Wayne,Detroit,MI,48278,Midwest,noward
461593,Hon.,Daniel,K,Cooper,M,daniel.cooper@yahoo.com,Louis_Cooper,Julie_Cooper,Murphy,1/1/1990,27.59,60,3/6/2014,153790,13%,181-86-2024,701-510-8162,Manning,Dunn,Manning,ND,58642,Midwest,dkcooper
263480,Ms.,Janet,Y,Henderson,F,janet.henderson@ntlworld.com,Jerry_Henderson,Julie_Henderson,Cooper,12/24/1979,37.62,60,12/18/2012,114481,5%,018-94-7340,239-769-6347,Saint_Cloud,Miami-Dade,Miami,FL,34771,South,jyhenderson
212893,Ms.,Margaret,T,Allen,F,margaret.allen@gmail.com,Michael_Allen,Karen_Allen,Morris,9/8/1981,35.91,43,5/17/2013,180107,22%,137-25-8468,216-697-6987,Richmond_Dale,Ross,Richmond_Dale,OH,45673,Midwest,mtallen
844177,Mrs.,Carol,V,Murphy,F,carol.murphy@gmail.com,Eugene_Murphy,Katherine_Murphy,Peterson,6/30/1958,59.12,40,1/28/1983,60918,20%,423-67-7023,216-336-0009,Blanchester,Clinton,Blanchester,OH,45107,Midwest,cvmurphy
380086,Mr.,Roger,L,Roberts,M,roger.roberts@gmail.com,Antonio_Roberts,Katherine_Roberts,Brooks,7/7/1969,48.09,77,1/29/2009,129625,12%,120-98-6493,206-497-3141,Mount_Vernon,Skagit,Mount_Vernon,WA,98273,West,rlroberts
683826,Hon.,Cynthia,X,White,F,cynthia.white@gmail.com,Nicholas_White,Katherine_White,Turner,6/15/1963,54.16,60,3/4/2004,186200,30%,364-39-4983,314-593-3092,Kansas_City,Jackson,Kansas_City,MO,64133,Midwest,cxwhite
478003,Hon.,Cynthia,X,White,F,cynthia.white@gmail.com,Nicholas_White,Katherine_White,Turner,6/15/1963,54.16,60,3/4/2004,186200,30%,364-39-4983,314-593-3092,Kansas_City,Jackson,Kansas_City,MO,64133,Midwest,cxwhite
478003,Hon.,Cynthia,X,White,F,cynthia.white@gmail.com,Nicholas_White,Katherine_White,Turner,6/15/1963,54.16,60,3/4/2004,186200,30%,364-39-4983,314-593-3092,Kansas_City,Jackson,Kansas_City,MO,64133,Midwest,cxwhite
478003,Mr.,Todd,H,Hall,M,todd.hall@yahoo.com,Thomas_Hall,Kathleen_Hall,Morgan,8/31/1991,25.93,74,5/8/2016,163560,0%,633-31-1781,240-513-8668,Randallstown,Baltimore,Randallstown,MD,21133,South,thhall
639892,Mr.,Jose,K,Hill,M,jose.hill@hotmail.com,Carlos_Hill,Anna_Hill,Hayes,10/8/1994,22.82,89,7/9/2016,129774,15%,171-86-3825,228-245-5000,Biloxi,Harrison,Biloxi,MS,39532,South,jkhill
917937,Mr.,Todd,H,Hall,M,todd.hall@yahoo.com,Thomas_Hall,Kathleen_Hall,Morgan,8/31/1991,25.93,74,5/8/2016,163560,0%,633-31-1781,240-513-8668,Randallstown,Baltimore,Randallstown,MD,21133,South,
917937,Hon.,Paula,G,Diaz,F,paula.diaz@gmail.com,Alan_Diaz,Kathryn_Diaz,Powell,8/22/1966,50.97,42,8/22/1994,152654,8%,234-57-7671,252-531-7641,Beulaville,Duplin,Beulaville,NC,28518,South,pgdiaz
528509,Mr.,Douglas,I,Flores,M,douglas.flores@gmail.com,Justin_Flores,Kathy_Flores,Ramirez,4/21/1986,31.29,61,9/10/2009,181793,20%,324-11-6837,303-836-4721,Eckert,Delta,Eckert,CO,81418,West,diflores
883936,Mr.,Douglas,I,Flores,M,douglas.flores@gmail.com,Justin_Flores,Kathy_Flores,Ramirez,4/21/1986,31.29,61,9/10/2009,182000,20%,324-11-6836,303-836-4722,Eckert,Delta,Eckert,CO,81418,West,diflores
528509,Mr.,Mark,S,Flores,M,marks.flores@gmail.com,Justin_Flores,Kathy_Flores,Ramirez,4/21/1986,31.29,61,9/10/2009,181793,20%,324-11-6837,303-836-4721,Eckert,Delta,Eckert,CO,81418,West,msflores
883936,Prof.,Matthew,L,Turner,M,matthew.turner@gmail.com,Jose_Turner,Kathy_Turner,Cox,10/26/1993,23.77,56,2/7/2016,52237,9%,598-92-1988,236-972-7624,Heathsville,Northumberland,Heathsville,VA,22473,South,mlturner
969580,Mr.,Patrick,F,Bailey,M,patrick.bailey@aol.com,Ralph_Bailey,Laura_Bailey,Henderson,9/27/1982,34.86,58,7/22/2005,72305,5%,439-99-7721,319-812-6957,Macksburg,Madison,Macksburg,IA,50155,Midwest,pfbailey
758872,Mr.,Henry,Y,Jenkins,M,henry.jenkins@hotmail.com,Albert_Jenkins,Beverly_Jenkins,Murphy,11/6/1984,32.75,70,6/21/2017,102384,11%,499-29-3125,314-731-7135,Riverside,Platte,Riverside,,64150,Midwest,hyjenkins
499687,Hon.,Frances,B,Young,F,frances.young@gmail.com,Fred_Young,Lillian_Young,Diaz,6/9/1959,58.18,42,4/27/1994,121587,28%,028-92-8912,210-819-9765,Delmita,Starr,Delmita,TX,78536,South,fbyoung
477616,Mr.,Thomas,Q,Lewis,M,thomas.lewis@gmail.com,Ryan_Lewis,Lois_Lewis,Price,10/4/1967,49.85,73,6/7/1998,73862,3%,467-99-2604,314-679-3697,Dutchtown,Cape_Girardeau,Dutchtown,MO,63745,Midwest,tqlewis
622406,Mr.,Eugene,D,Perez,M,eugene.perez@exxonmobil.com,Jimmy_Perez,Lois_Perez,Hall,10/6/1979,37.84,59,12/8/2014,122950,26%,192-86-6418,262-472-7112,Racine,Racine,Racine,WI,53490,Midwest,edperez
917395,Mr.,Bill,G,Hernandez,M,william.hernandez@rediffmail.com,Peter_Hernandez,Deborah_Hernandez,Jones,7/22/1967,50.05,50,3/21/2000,73734,22%,629-31-9010,239-276-0532,Saint_Cloud,Miami-Dade,Miami,FL,34771,South,wghernandez
185032,Mrs.,Cheryl,O,Scott,F,cheryl.scott@gmail.com,Richard_Scott,Lois_Scott,Watson,2/23/1958,59.47,47,11/26/1990,92220,12%,596-94-2279,215-288-9345,Quecreek,Somerset,Quecreek,PA,15555,Northeast,coscott
441771,Prof.,Clarence,A,Ross,M,clarence.ross@apple.com,Arthur_Ross,Louise_Ross,Washington,12/13/1960,56.66,64,12/31/2008,165272,9%,372-37-5315,423-772-0118,Nashville,Davidson,Nashville,TN,37219,South,caross
971640,Hon.,Wayne,G,Watson,M,wayne.watson@gmail.com,Ronald_Watson,Margaret_Watson,Hayes,6/26/1996,21.1,87,7/19/2017,92758,14%,011-94-6649,701-231-9370,Maida,Cavalier,Maida,ND,58255,Midwest,wgwatson
301576,Mrs.,Melissa,Q,King,F,melissa.king@comcast.net,Philip_King,Maria_King,White,2/24/1972,45.45,55,11/24/2015,166892,1%,277-17-9106,216-605-3731,New_Matamoras,Washington,New_Matamoras,OH,45767,Midwest,mqking
386158,Ms.,Lillian,N,Mitchell,F,lillian.mitchell@shaw.ca,Harry_Mitchell,Marie_Mitchell,Murphy,10/23/1974,42.79,55,12/7/1999,149878,3%,505-59-3960,316-876-1484,Wichita,Sedgwick,Wichita,KS,67214,Midwest,lnmitchell
476433,Mr.,Joshua,T,Stewart,M,joshua.stewart@yahoo.ca,Todd_Stewart,Martha_Stewart,Jones,5/18/1970,47.23,68,9/2/2002,184896,1%,755-07-3676,217-279-9342,New_Douglas,Madison,New_Douglas,IL,62074,Midwest,jtstewart
912990,Dr.,Diane,I,Evans,F,diane.evans@yahoo.com,Jason_Evans,Michelle_Evans,Allen,12/4/1977,39.67,51,4/16/1999,180294,1%,314-35-9851,215-793-6791,Hydetown,Crawford,Hydetown,PA,16328,Northeast,dievans
408351,Mr.,Ralph,L,Flores,M,ralph.flores@yahoo.com,Terry_Flores,Michelle_Flores,Moore,2/5/1975,42.5,80,4/14/2009,118457,8%,302-15-0130,316-280-2864,Sabetha,Nemaha,Sabetha,KS,66534,Midwest,rlflores
231469,Dr.,Ann,Q,Cooper,F,ann.cooper@exxonmobil.com,Harold_Cooper,Mildred_Cooper,Williams,12/25/1992,24.61,44,2/15/2017,182521,30%,219-89-6310,406-278-6460,Arlee,Lake,Arlee,MT,59821,West,aqcooper
904898,Dr.,Ann,Q,Cooper,F,ann.cooper@exxonmobil.com,Harold_Cooper,Mildred_Cooper,Williams,12/25/1992,24.61,44,2/15/2017,182521,30%,219-89-6310,406-278-6460,Arlee,Lake,Arlee,MT,59821,West,aqcooper
,Mrs.,Nancy,P,Howard,F,nancy.howard@gmail.com,Gregory_Howard,Mildred_Howard,Flores,5/5/1961,56.27,45,2/6/1999,101553,25%,035-74-2732,236-973-8086,Saxe,Charlotte,Saxe,VA,23967,South,nphoward
491943,Mrs.,Nancy,P,Howard,F,nancy.howard@gmail.com,Gregory_Howard,Mildred_Howard,Flores,5/5/1961,56.27,45,2/6/1999,,25%,035-74-2732,236-973-8086,Saxe,Charlotte,Saxe,VA,23967,South,nphoward
491943,Mr.,Larry,T,Miller,M,larry.miller@shell.com,Russell_Miller,Mildred_Miller,Ward,10/31/1988,28.76,75,2/22/2017,97904,20%,207-84-9482,217-574-9283,East_Saint_Louis,St._Clair,East_Saint_Louis,IL,62201,Midwest,ltmiller
958326,Dr.,Andrea,P,Garcia,F,andrea.garcia@aol.com,Mark_Garcia,Nicole_Garcia,Howard,7/6/1985,32.08,52,4/18/2010,54179,25%,213-91-6792,219-624-3708,Granger,St._Joseph,Granger,IN,46530,Midwest,apgarcia
183071,Dr.,Andrea,P,Garcia,F,andrea.garcia@aol.com,Mark_Garcia,Nicole_Garcia,Howard,7/6/1985,32.08,52,4/18/2010,54179,25%,213-91-6792,219-624-3708,Granger,St._Joseph,Granger,IN,46530,Midwest,apgarcia
183071,Dr.,Andrea,P,Garcia,F,andrea.garcia@aol.com,Mark_Garcia,Nicole_Garcia,Howard,7/6/1985,32.08,52,4/18/2010,54179,25%,213-91-6792,219-624-3708,Granger,St._Joseph,Granger,IN,46530,Midwest,apgarcia
183071,Ms.,Mary,G,Bryant,F,mary.bryant@verizon.net,Joshua_Bryant,Norma_Bryant,Harris,6/21/1962,55.14,45,5/20/2004,155442,4%,491-29-7461,319-827-3516,Conroy,Iowa,Conroy,IA,52220,Midwest,mgbryant
923947,Ms.,Judy,Y,Hernandez,F,judy.hernandez@gmail.com,Fred_Hernandez,Pamela_Hernandez,Evans,3/25/1961,56.38,40,12/27/2011,133332,30%,534-71-4481,316-736-6126,Topeka,Shawnee,Topeka,KS,66606,Midwest,jyhernandez
524896,Dr.,Harold,Z,Nelson,M,harold.nelson@gmail.com,Richard_Nelson,Pamela_Nelson,Smith,12/24/1984,32.61,77,8/23/2011,156194,0%,456-99-2066,217-555-9216,Carol_Stream,Carol_Stream,Carol_Stream,IL,60351,Midwest,hznelson
704709,Prof.,Jimmy,R,Howard,M,jimmy.howard@yahoo.com,Nicholas_Howard,Patricia_Howard,Hayes,11/27/1966,50.7,87,12/12/2007,120631,13%,610-87-0251,212-855-9316,Oriskany,New_York,New_York_City,NY,10087,Northeast,jrhoward
623929,Hon.,Carolyn,F,Price,F,carolyn.price@yahoo.com,Kevin_Price,Patricia_Price,Williams,5/30/1976,41.19,60,11/5/2014,48736,2%,512-33-3410,217-409-4338,Wheaton,DuPage,Wheaton,IL,60189,Midwest,cfprice
325319,Mr.,Jeremy,I,Sanchez,M,jeremy.sanchez@hotmail.com,Albert_Sanchez,Patricia_Sanchez,Ross,2/5/1965,52.51,52,4/2/2006,178847,1%,474-55-8883,423-974-2755,Nashville,Davidson,Nashville,TN,37219,South,jisanchez
316110,Mr.,Jeremy,I,Sanchez,M,jeremy.sanchez@hotmail.com,Albert_Sanchez,Patricia_Sanchez,Ross,2/5/1965,52.51,52,4/2/2006,178847,1%,474-55-8883,423-974-2755,Nashville,Davidson,Nashville,TN,37219,South,jisanchez
316110,Mr.,Jeremy,I,Sanchez,M,jeremy.sanchez@hotmail.com,Albert_Sanchez,Patricia_Sanchez,Ross,2/5/1965,52.51,52,4/2/2006,178847,1%,474-55-8883,423-974-2755,Nashville,Davidson,Nashville,TN,37219,South,jisanchez
316110,Mrs.,Ruby,Q,Stewart,F,ruby.stewart@gmail.com,Paul_Stewart,Paula_Stewart,Jackson,10/23/1968,48.79,48,7/2/2017,174774,7%,007-11-1727,218-445-2369,Margie,Koochiching,Margie,MN,56658,Midwest,rqstewart
623253,Hon.,Carl,N,Collins,M,carl.collins@yahoo.com,Gerald_Collins,Phyllis_Collins,Rodriguez,12/22/1973,43.63,90,6/9/2007,162159,7%,544-81-6171,479-740-7633,Eureka_Springs,Carroll,Eureka_Springs,AR,72632,South,cncollins
726264,Ms.,Theresa,G,Lee,F,theresa.lee@gmail.com,John_Lee,Rebecca_Lee,Turner,12/5/1992,24.66,59,1/19/2015,197537,1%,055-02-9969,319-553-8919,Toeterville,Mitchell,Toeterville,IA,50481,Midwest,tglee
214352,Dr.,Nancy,L,Jones,F,nancy.jones@gmail.com,Eugene_Jones,Sandra_Jones,Jenkins,11/10/1993,23.73,60,10/16/2015,61924,4%,681-24-3165,212-825-1930,Oriskany,New_York,New_York_City,NY,10087,Northeast,nljones
363065,Ms.,Carolyn,V,Hayes,F,carolyn.hayes@hotmail.co.uk,Jimmy_Hayes,Sara_Hayes,Foster,3/10/1958,59.42,53,7/3/2001,42005,14%,730-28-1350,239-882-8784,Saint_Cloud,Miami-Dade,Miami,FL,34771,South,cvhayes
560455,Prof.,Jack,C,Alexander,M,jack.alexander@gmail.com,Samuel_Alexander,Sharon_Alexander,Walker,5/19/1995,22.21,61,1/5/2017,82965,23%,428-99-9413,702-603-3769,Las_Vegas,Clark,Las_Vegas,NV,89170,West,jcalexander
153989,Dr.,Judy,C,Gonzales,F,judy.gonzales@gmail.com,Kevin_Gonzales,Sharon_Gonzales,Perez,6/17/1959,58.15,51,1/3/1992,149575,9%,029-92-2155,201-640-8645,Oriskany,New_York,New_York_City,NY,10087,Northeast,jcgonzales
525955,Mr.,Ernest,G,Washington,M,ernest.washington@msn.com,Johnny_Washington,Shirley_Washington,Harris,10/28/1984,32.77,87,1/31/2015,176675,15%,178-86-1878,212-596-1659,Oriskany,New_York,New_York_City,NY,10087,Northeast,egwashington
761821,Dr.,Joe,W,Robinson,M,joe.robinson@gmail.com,Scott_Robinson,Stephanie_Robinson,Taylor,6/16/1963,54.15,68,8/3/2016,50155,16%,025-92-3584,219-904-2161,Michigantown,Clinton,Michigantown,IN,46057,Midwest,jwrobinson
428945,Mrs.,Anne,L,Russell,F,anne.russell@ibm.com,Jimmy_Russell,Stephanie_Russell,Richardson,7/29/1989,28.02,60,11/24/2013,103160,29%,456-99-5619,605-635-1306,Stockholm,Grant,Stockholm,SD,57264,Midwest,alrussell
477253,Ms.,Carol,J,Edwards,F,carol.edwards@msn.com,Shawn_Edwards,Susan_Edwards,Gray,12/14/1994,22.64,56,4/25/2016,93967,30%,316-35-9870,225-283-4295,Baton_Rouge,East_Baton_Rouge,Baton_Rouge,LA,70833,South,cjedwards
979607,Ms.,Joyce,E,Jenkins,F,joyce.jenkins@aol.com,Edward_Jenkins,Susan_Jenkins,Hayes,8/22/1961,55.97,44,5/14/2010,119321,13%,695-16-6506,262-455-4187,Ellsworth,Pierce,Ellsworth,WI,54011,Midwest,jejenkins
766610,Ms.,Sharon,E,Lopez,F,sharon.lopez@gmail.com,Daniel_Lopez,Susan_Lopez,Hayes,5/4/1991,26.25,43,3/7/2014,190139,21%,064-02-2589,304-934-5548,Bartley,McDowell,Bartley,WV,24813,South,selopez
253573,Mrs.,Ruby,R,Rogers,F,ruby.rogers@gmail.com,Ronald_Rogers,Teresa_Rogers,Alexander,5/1/1980,37.27,59,8/30/2013,160623,9%,236-55-0172,423-231-6507,Nashville,Davidson,Nashville,TN,37219,South,rrrogers
388642,Dr.,Maria,W,Walker,F,maria.walker@microsoft.com,Ralph_Walker,Teresa_Walker,Brooks,3/19/1975,42.39,41,10/1/1998,48944,21%,447-27-3175,423-668-5506,Nashville,Davidson,Nashville,TN,37219,South,mwwalker
474599,Ms.,Debra,G,Wood,F,debra.wood@hotmail.com,Martin_Wood,Theresa_Wood,Perry,10/30/1969,47.78,54,1/10/1991,84318,19%,342-11-6695,308-646-6219,Blair,Washington,Blair,NE,68009,Midwest,dgwood
241882,Ms.,Debra,G,Wood,F,debra.wood@hotmail.com,Martin_Wood,Theresa_Wood,Perry,10/30/1969,47.78,54,1/10/1991,84318,19%,342-11-6695,308-646-6219,Blair,Washington,,NE,68009,Midwest,dgwood
241882,Mrs.,Ann,Q,Coleman,F,ann.coleman@ibm.com,Harold_Coleman,Tina_Coleman,Walker,5/11/1989,28.23,41,11/19/2013,130014,12%,027-92-0557,319-994-4179,Hancock,Pottawattamie,Hancock,IA,51536,Midwest,aqcoleman
447813,Hon.,Lillian,X,Brown,F,lillian.brown@aol.com,Gary_Brown,Virginia_Brown,Wood,5/12/1981,36.24,49,4/13/2015,67251,22%,249-99-8821,239-812-9041,Saint_Cloud,Miami-Dade,Miami,FL,34771,South,lxbrown
329752,Ms.,Amy,B,Howard,F,amy.howard@aol.com,James_Howard,Virginia_Howard,Collins,6/16/1981,36.14,52,6/1/2003,112715,30%,686-24-2843,803-613-3168,Kline,Kline,Kline,SC,29814,South,abhoward
893212,Hon.,Jack,E,Campbell,M,jack.campbell@gmail.com,Philip_Campbell,Wanda_Campbell,Watson,1/4/1985,32.58,50,7/29/2007,186280,23%,047-15-1537,316-499-5737,Kalvesta,Kalvesta,Kalvesta,KS,67856,Midwest,jecampbell
265813,Mr.,Roy,Z,Griffin,M,roy.griffin@yahoo.com,Benjamin_Griffin,Wanda_Griffin,Simmons,5/8/1991,26.24,62,8/23/2012,170895,19%,358-08-7660,219-506-9378,Liberty,Union,Liberty,IN,47353,Midwest,rzgriffin
758872,Mr.,Henry,Y,Jenkins,M,henry.jenkins@hotmail.com,Albert_Jenkins,Beverly_Jenkins,Murphy,11/6/1984,32.75,70,6/21/2017,102384,11%,499-29-3125,314-731-7135,Riverside,Platte,Riverside,,64150,Midwest,hyjenkins
,,,,,,,,Rachel_Flores,,,,,,,,,,,,,,,,
